<?xml version="1.0" encoding="utf-8"?>

<instance xmlns="http://www.exelearning.org/content/v0.3" reference="14" version="0.3" xmlns:xsi="http://www.w3.org/2001/XMLSchema-instance" xsi:schemalocation="http://www.exelearning.org/content/v0.3 content.xsd" class="exe.engine.package.Package">
 <dictionary>
  <string role="key" value="_title"></string>
  <unicode value=""></unicode>
  <string role="key" value="idevices"></string>
  <list></list>
  <string role="key" value="_backgroundImg"></string>
  <unicode value=""></unicode>
  <string role="key" value="_contextMode"></string>
  <unicode value=""></unicode>
  <string role="key" value="_contextPlace"></string>
  <unicode value=""></unicode>
  <string role="key" value="_docType"></string>
  <string value="HTML5"></string>
  <string role="key" value="_intendedEndUserRoleGroup"></string>
  <bool value="0"></bool>
  <string role="key" value="_intendedEndUserRoleTutor"></string>
  <bool value="0"></bool>
  <string role="key" value="_intendedEndUserRoleType"></string>
  <unicode value=""></unicode>
  <string role="key" value="_isChanged"></string>
  <bool value="0"></bool>
  <string role="key" value="_lang"></string>
  <unicode value="es"></unicode>
  <string role="key" value="_learningResourceType"></string>
  <unicode value=""></unicode>
  <string role="key" value="_levelNames"></string>
  <list>
   <unicode value="Topic"></unicode>
   <unicode value="Section"></unicode>
   <unicode value="Unit"></unicode>
  </list>
  <string role="key" value="_name"></string>
  <unicode value="SQLMYSQLDESBD"></unicode>
  <string role="key" value="_nextIdeviceId"></string>
  <int value="38"></int>
  <string role="key" value="_nextNodeId"></string>
  <int value="9"></int>
  <string role="key" value="_nodeIdDict"></string>
  <dictionary>
   <unicode role="key" value="0"></unicode>
   <instance class="exe.engine.node.Node" reference="3">
    <dictionary>
     <string role="key" value="_title"></string>
     <unicode value="AA DESARROLLAR LA BASE DE DATOS"></unicode>
     <string role="key" value="idevices"></string>
     <list>
      <instance class="exe.engine.genericidevice.GenericIdevice" reference="1">
       <dictionary>
        <string role="key" value="_title"></string>
        <unicode value="INFORMACIÓN DE LA ACTIVIDAD DE APRENDIZAJE."></unicode>
        <string role="key" value="_author"></string>
        <string value=""></string>
        <string role="key" value="_purpose"></string>
        <string value=""></string>
        <string role="key" value="_tip"></string>
        <unicode value=""></unicode>
        <string role="key" value="class_"></string>
        <string value=""></string>
        <string role="key" value="edit"></string>
        <bool value="0"></bool>
        <string role="key" value="emphasis"></string>
        <int value="1"></int>
        <string role="key" value="exe.engine.genericidevice.GenericIdevice.persistenceVersion"></string>
        <int value="11"></int>
        <string role="key" value="fields"></string>
        <list>
         <instance class="exe.engine.field.TextAreaField" reference="2">
          <dictionary>
           <string role="key" value="_id"></string>
           <unicode value="203_4"></unicode>
           <string role="key" value="_idevice"></string>
           <reference key="1"></reference>
           <string role="key" value="_instruc"></string>
           <unicode value=""></unicode>
           <string role="key" value="_name"></string>
           <unicode value="&lt;B&gt;INFORMACIÓN DE LA ACTIVIDAD DE APRENDIZAJE.&lt;/B&gt;"></unicode>
           <string role="key" value="anchor_names"></string>
           <list></list>
           <string role="key" value="content_w_resourcePaths"></string>
           <unicode content="true" value="&lt;p&gt;&lt;button id=&quot;bt&quot; onclick=&quot;window.open('https://drive.google.com/file/d/1AnfDReq9G0NckyZPCyZkhauaA6N4Sl5i/view?usp=sharing','xxxx')&quot;&gt;PROGRAMA DE FORMACIÓN&lt;/button&gt;&lt;/p&gt;
&lt;p&gt;&lt;button id=&quot;bt&quot; onclick=&quot;window.open('https://drive.google.com/file/d/143V9aZV0vN_0OWmBC9pyKSVNkEWbawQa/view?usp=sharing','xxxx')&quot;&gt;PROYECTO DE FORMACION&lt;/button&gt;&lt;/p&gt;
&lt;p&gt;&lt;button id=&quot;bt&quot; onclick=&quot;window.open('https://drive.google.com/file/d/1Ke08Ls-ZdDvGyCva52eI6slY4r6yAPWu/view?usp=sharing','xxxx')&quot;&gt;GUIA DE APRENDIZAJE&lt;/button&gt;&lt;/p&gt;"></unicode>
           <string role="key" value="exe.engine.field.Field.persistenceVersion"></string>
           <int value="4"></int>
           <string role="key" value="exe.engine.field.FieldWithResources.persistenceVersion"></string>
           <int value="2"></int>
           <string role="key" value="exe.engine.field.TextAreaField.persistenceVersion"></string>
           <int value="3"></int>
           <string role="key" value="htmlTag"></string>
           <string value="div"></string>
           <string role="key" value="images"></string>
           <instance class="exe.engine.galleryidevice.GalleryImages">
            <dictionary>
             <string role="key" value=".listitems"></string>
             <list></list>
             <string role="key" value="idevice"></string>
             <reference key="2"></reference>
            </dictionary>
           </instance>
           <string role="key" value="intlinks_to_anchors"></string>
           <dictionary></dictionary>
           <string role="key" value="nextImageId"></string>
           <int value="0"></int>
           <string role="key" value="parentNode"></string>
           <none></none>
          </dictionary>
         </instance>
        </list>
        <string role="key" value="icon"></string>
        <string value=""></string>
        <string role="key" value="id"></string>
        <unicode value="33"></unicode>
        <string role="key" value="lastIdevice"></string>
        <bool value="0"></bool>
        <string role="key" value="nextFieldId"></string>
        <int value="5"></int>
        <string role="key" value="originalicon"></string>
        <none></none>
        <string role="key" value="parentNode"></string>
        <reference key="3"></reference>
        <string role="key" value="systemResources"></string>
        <list>
         <string value="common.js"></string>
        </list>
        <string role="key" value="undo"></string>
        <bool value="1"></bool>
        <string role="key" value="userResources"></string>
        <list></list>
        <string role="key" value="version"></string>
        <int value="0"></int>
       </dictionary>
      </instance>
      <instance class="exe.engine.genericidevice.GenericIdevice" reference="4">
       <dictionary>
        <string role="key" value="_title"></string>
        <unicode value="CONTENIDOS DE LA ACTIVIDAD DE APRENDIZAJE."></unicode>
        <string role="key" value="_author"></string>
        <string value=""></string>
        <string role="key" value="_purpose"></string>
        <string value=""></string>
        <string role="key" value="_tip"></string>
        <unicode value=""></unicode>
        <string role="key" value="class_"></string>
        <string value=""></string>
        <string role="key" value="edit"></string>
        <bool value="0"></bool>
        <string role="key" value="emphasis"></string>
        <int value="1"></int>
        <string role="key" value="exe.engine.genericidevice.GenericIdevice.persistenceVersion"></string>
        <int value="11"></int>
        <string role="key" value="fields"></string>
        <list>
         <instance class="exe.engine.field.TextAreaField" reference="5">
          <dictionary>
           <string role="key" value="_id"></string>
           <unicode value="207_18"></unicode>
           <string role="key" value="_idevice"></string>
           <reference key="4"></reference>
           <string role="key" value="_instruc"></string>
           <unicode value="Introduzca aquí las instrucciones para la realización de la actividad"></unicode>
           <string role="key" value="_name"></string>
           <unicode value="Introduzca aquí la etiqueta"></unicode>
           <string role="key" value="anchor_names"></string>
           <list></list>
           <string role="key" value="content_w_resourcePaths"></string>
           <unicode content="true" value="&lt;p&gt;&lt;/p&gt;
&lt;table style=&quot;width: 100%; border: 10,10,10,10;&quot;&gt;
&lt;tbody&gt;
&lt;tr&gt;
&lt;td style=&quot;width: 57.6124%;&quot;&gt;
&lt;p&gt;&lt;button id=&quot;bt&quot; onclick=&quot;window.open('https://drive.google.com/file/d/1okQtYum7ZlxWA64_gXXSJqeNslgEA5hZ/view?usp=sharing','xxxx')&quot;&gt;EVOLUCIÓN DE LAS BASES DE DATOS&lt;/button&gt;&lt;/p&gt;
&lt;p&gt;&lt;button id=&quot;bt&quot; onclick=&quot;window.open('https://www.youtube.com/embed/8e4iMLTDy4w','xxxx')&quot;&gt;¿QUÉ ES SQL?&lt;/button&gt;&lt;/p&gt;
&lt;p&gt;&lt;button id=&quot;bt&quot; onclick=&quot;window.open('https://drive.google.com/file/d/1Tgf06n2nplCfhxCqOoBBI_c5_4ujuGhh/view?usp=sharing','xxxx')&quot;&gt;RECUPERACIÓN DE DATOS MEDIANTE &lt;/button&gt;&lt;/p&gt;
&lt;p&gt;&lt;button id=&quot;bt&quot; onclick=&quot;window.open('https://drive.google.com/file/d/1OwkjruoB_RbO_DMJ4DFQo1JKrnINeO2G/view?usp=sharing','xxxx')&quot;&gt;RESTRICCIONES Y ORDENACION DE DATOS&lt;/button&gt;&lt;/p&gt;
&lt;p&gt;&lt;button id=&quot;bt&quot; onclick=&quot;window.open('https://drive.google.com/file/d/15O9O5mXLurH3egFaT2PpdFD6QFxXBVcV/view?usp=sharing','xxxx')&quot;&gt;USO DE FUNCIONES DE GRUPO DE UNA SOLA FILA&lt;/button&gt;&lt;/p&gt;
&lt;p&gt;&lt;button id=&quot;bt&quot; onclick=&quot;window.open('https://drive.google.com/file/d/1ZY0nfBEnsH6J085grkBW9Q9YgAryByZj/view?usp=sharing','xxxx')&quot;&gt;FUNCIONES DE GRUPO&lt;/button&gt;&lt;/p&gt;
&lt;p&gt;&lt;button id=&quot;bt&quot; onclick=&quot;window.open('https://drive.google.com/file/d/1V3sunUo7xqZRXEAMmPDys0L0brtgb9fp/view?usp=sharing','xxxx')&quot;&gt;VISUALIZACION DE DATOS DE VARIAS TABLAS&lt;/button&gt;&lt;/p&gt;
&lt;p&gt;&lt;button id=&quot;bt&quot; onclick=&quot;window.open('https://drive.google.com/file/d/18_soYUhZB88kcHthN9WyVc0yGw_PaBur/view?usp=sharing','xxxx')&quot;&gt;SUBCONSULTAS EN SQL&lt;/button&gt;&lt;/p&gt;
&lt;p&gt;&lt;button id=&quot;bt&quot; onclick=&quot;window.open('https://drive.google.com/file/d/1RpjH9J5WstPE_VUArkowQ9_Fuv5OhEIf/view?usp=sharing','xxxx')&quot;&gt;USO DE OPERADORES SET&lt;/button&gt;&lt;/p&gt;
&lt;p&gt;&lt;button id=&quot;bt&quot; onclick=&quot;window.open('https://drive.google.com/file/d/14oNT-v1r06B-FhmWsTblvNEZwcbNuoKz/view?usp=sharing','xxxx')&quot;&gt;MANIPULACION DE DATOS&lt;/button&gt;&lt;/p&gt;
&lt;p&gt;&lt;button id=&quot;bt&quot; onclick=&quot;window.open('https://drive.google.com/file/d/1AuSJ-Hpd_dJipV8j7YHOVQHaXXxtv7N2/view?usp=sharing','xxxx')&quot;&gt;USO DE SENTENCIAS DDL&lt;/button&gt;&lt;/p&gt;
&lt;p&gt;&lt;button id=&quot;bt&quot; onclick=&quot;window.open('https://drive.google.com/file/d/10_WuFqh9_1W78M0DounghcGMa8S3bYgR/view?usp=sharing','xxxx')&quot;&gt;INTRODUCCION AL SQL EXTENDIDO&lt;/button&gt;&lt;/p&gt;
&lt;p&gt;&lt;button id=&quot;bt&quot; onclick=&quot;window.open('https://drive.google.com/file/d/1lFZeWXmHfkwhNi_PyS_vhOc3tE5-F3zX/view?usp=sharing','xxxx')&quot;&gt;ESTRUCTURAS DE CONTROL&lt;/button&gt;&lt;/p&gt;
&lt;p&gt;&lt;button id=&quot;bt&quot; onclick=&quot;window.open('https://drive.google.com/file/d/1g2An2pGlgXSI-b2gMLuhbw9-ORMf70lr/view?usp=sharing','xxxx')&quot;&gt;MANEJANDO VISTAS&lt;/button&gt;&lt;/p&gt;
&lt;p&gt;&lt;button id=&quot;bt&quot; onclick=&quot;window.open('https://drive.google.com/file/d/1krUhLl634G6PZVr32iYQwzl0P5CnysT6/view?usp=sharing','xxxx')&quot;&gt;PROCEDIMIENTOS ALMACENADOS&lt;/button&gt;&lt;/p&gt;
&lt;p&gt;&lt;button id=&quot;bt&quot; onclick=&quot;window.open('https://drive.google.com/file/d/1xPbmHIC8KNqczMv0s0rT9uhZLajarzNH/view?usp=sharing','xxxx')&quot;&gt;FUNCIONES&lt;/button&gt;&lt;/p&gt;
&lt;p&gt;&lt;button id=&quot;bt&quot; onclick=&quot;window.open('https://drive.google.com/file/d/1LB9iq8h_JZ1X5gl30iixPG-LLlujlokp/view?usp=sharing','xxxx')&quot;&gt;MANEJO DE EXCEPCIONES&lt;/button&gt;&lt;/p&gt;
&lt;p&gt;&lt;button id=&quot;bt&quot; onclick=&quot;window.open('https://drive.google.com/file/d/1gsbMt2i-9F61G7tQW6xbUqz1qOCqphrI/view?usp=sharing','xxxx')&quot;&gt;CURSORES&lt;/button&gt;&lt;/p&gt;
&lt;p&gt;&lt;button id=&quot;bt&quot; onclick=&quot;window.open('https://drive.google.com/file/d/1HcEhdTZa4Xwy1G_CLQ1tHWSMPOICRSGs/view?usp=sharing','xxxx')&quot;&gt;DESENCADENADORES&lt;/button&gt;&lt;/p&gt;
&lt;/td&gt;
&lt;/tr&gt;
&lt;/tbody&gt;
&lt;/table&gt;"></unicode>
           <string role="key" value="exe.engine.field.Field.persistenceVersion"></string>
           <int value="4"></int>
           <string role="key" value="exe.engine.field.FieldWithResources.persistenceVersion"></string>
           <int value="2"></int>
           <string role="key" value="exe.engine.field.TextAreaField.persistenceVersion"></string>
           <int value="3"></int>
           <string role="key" value="htmlTag"></string>
           <string value="div"></string>
           <string role="key" value="images"></string>
           <instance class="exe.engine.galleryidevice.GalleryImages">
            <dictionary>
             <string role="key" value=".listitems"></string>
             <list></list>
             <string role="key" value="idevice"></string>
             <reference key="5"></reference>
            </dictionary>
           </instance>
           <string role="key" value="intlinks_to_anchors"></string>
           <dictionary></dictionary>
           <string role="key" value="nextImageId"></string>
           <int value="0"></int>
           <string role="key" value="parentNode"></string>
           <none></none>
          </dictionary>
         </instance>
        </list>
        <string role="key" value="icon"></string>
        <string value=""></string>
        <string role="key" value="id"></string>
        <unicode value="34"></unicode>
        <string role="key" value="lastIdevice"></string>
        <bool value="0"></bool>
        <string role="key" value="nextFieldId"></string>
        <int value="19"></int>
        <string role="key" value="originalicon"></string>
        <none></none>
        <string role="key" value="parentNode"></string>
        <reference key="3"></reference>
        <string role="key" value="systemResources"></string>
        <list>
         <string value="common.js"></string>
        </list>
        <string role="key" value="undo"></string>
        <bool value="1"></bool>
        <string role="key" value="userResources"></string>
        <list></list>
        <string role="key" value="version"></string>
        <int value="0"></int>
       </dictionary>
      </instance>
      <instance class="exe.engine.genericidevice.GenericIdevice" reference="6">
       <dictionary>
        <string role="key" value="_title"></string>
        <unicode value="TALLERES DE LA ACTIVIDAD DEL APRENDIZAJE"></unicode>
        <string role="key" value="_author"></string>
        <string value=""></string>
        <string role="key" value="_purpose"></string>
        <string value=""></string>
        <string role="key" value="_tip"></string>
        <unicode value=""></unicode>
        <string role="key" value="class_"></string>
        <string value=""></string>
        <string role="key" value="edit"></string>
        <bool value="0"></bool>
        <string role="key" value="emphasis"></string>
        <int value="1"></int>
        <string role="key" value="exe.engine.genericidevice.GenericIdevice.persistenceVersion"></string>
        <int value="11"></int>
        <string role="key" value="fields"></string>
        <list>
         <instance class="exe.engine.field.TextAreaField" reference="7">
          <dictionary>
           <string role="key" value="_id"></string>
           <unicode value="209_10"></unicode>
           <string role="key" value="_idevice"></string>
           <reference key="6"></reference>
           <string role="key" value="_instruc"></string>
           <unicode value=""></unicode>
           <string role="key" value="_name"></string>
           <unicode value="TALLERES DE LA ACTIVIDAD DE APRENDIZAJE"></unicode>
           <string role="key" value="anchor_names"></string>
           <list></list>
           <string role="key" value="content_w_resourcePaths"></string>
           <unicode content="true" value="&lt;p&gt;&lt;/p&gt;
&lt;table style=&quot;width: 100%; border: 10,10,10,10;&quot;&gt;
&lt;tbody&gt;
&lt;tr&gt;
&lt;td style=&quot;width: 57.6124%;&quot;&gt;
&lt;p&gt;&lt;button id=&quot;bt&quot; onclick=&quot;window.open('https://drive.google.com/file/d/1JFtx2E3eOJVmV6wA8BZ6WcqIr9S7WnD9/view?usp=sharing','xxxx')&quot;&gt;INSTALACION DEL ESQUEMA HR&lt;/button&gt;&lt;/p&gt;
&lt;p&gt;&lt;button id=&quot;bt&quot; onclick=&quot;window.open('https://drive.google.com/file/d/1j2Xqem7DxoNhUyj9k8731dS7VVwpseEy/view?usp=sharing','xxxx')&quot;&gt;EN EL AMBIENTE No 1&lt;/button&gt;&lt;/p&gt;
&lt;p&gt;&lt;button id=&quot;bt&quot; onclick=&quot;window.open('https://drive.google.com/file/d/1QywWZGuN6mK6bumrIsDN2SgLb6BdwlQC/view?usp=sharing','xxxx')&quot;&gt;EN EL AMBIENTE No 2&lt;/button&gt;&lt;/p&gt;
&lt;p&gt;&lt;button id=&quot;bt&quot; onclick=&quot;window.open('https://drive.google.com/file/d/1r9Z1QN3wiYErqfDxqkjmRgMHbKDLCtm-/view?usp=sharing','xxxx')&quot;&gt;EN EL AMBIENTE No 3&lt;/button&gt;&lt;/p&gt;
&lt;p&gt;&lt;button id=&quot;bt&quot; onclick=&quot;window.open('','xxxx')&quot;&gt;EN EL AMBIENTE No 4&lt;/button&gt;&lt;/p&gt;
&lt;p&gt;&lt;button id=&quot;bt&quot; onclick=&quot;window.open('','xxxx')&quot;&gt;EN EL AMBIENTE No 5&lt;/button&gt;&lt;/p&gt;
&lt;p&gt;&lt;button id=&quot;bt&quot; onclick=&quot;window.open('','xxxx')&quot;&gt;EN EL AMBIENTE No 6&lt;/button&gt;&lt;/p&gt;
&lt;p&gt;&lt;button id=&quot;bt&quot; onclick=&quot;window.open('https://drive.google.com/file/d/1i1kCkZb439TyDru86kPazLepY89t8yR3/view?usp=sharing','xxxx')&quot;&gt;CURSORES Y TRIGGER&lt;/button&gt;&lt;/p&gt;
&lt;/td&gt;
&lt;/tr&gt;
&lt;/tbody&gt;
&lt;/table&gt;"></unicode>
           <string role="key" value="exe.engine.field.Field.persistenceVersion"></string>
           <int value="4"></int>
           <string role="key" value="exe.engine.field.FieldWithResources.persistenceVersion"></string>
           <int value="2"></int>
           <string role="key" value="exe.engine.field.TextAreaField.persistenceVersion"></string>
           <int value="3"></int>
           <string role="key" value="htmlTag"></string>
           <string value="div"></string>
           <string role="key" value="images"></string>
           <instance class="exe.engine.galleryidevice.GalleryImages">
            <dictionary>
             <string role="key" value=".listitems"></string>
             <list></list>
             <string role="key" value="idevice"></string>
             <reference key="7"></reference>
            </dictionary>
           </instance>
           <string role="key" value="intlinks_to_anchors"></string>
           <dictionary></dictionary>
           <string role="key" value="nextImageId"></string>
           <int value="0"></int>
           <string role="key" value="parentNode"></string>
           <none></none>
          </dictionary>
         </instance>
        </list>
        <string role="key" value="icon"></string>
        <string value=""></string>
        <string role="key" value="id"></string>
        <unicode value="35"></unicode>
        <string role="key" value="lastIdevice"></string>
        <bool value="0"></bool>
        <string role="key" value="nextFieldId"></string>
        <int value="11"></int>
        <string role="key" value="originalicon"></string>
        <none></none>
        <string role="key" value="parentNode"></string>
        <reference key="3"></reference>
        <string role="key" value="systemResources"></string>
        <list>
         <string value="common.js"></string>
        </list>
        <string role="key" value="undo"></string>
        <bool value="1"></bool>
        <string role="key" value="userResources"></string>
        <list></list>
        <string role="key" value="version"></string>
        <int value="0"></int>
       </dictionary>
      </instance>
      <instance class="exe.engine.genericidevice.GenericIdevice" reference="8">
       <dictionary>
        <string role="key" value="_title"></string>
        <unicode value="MATERIAL DE APOYO DE LA ACTIVIDAD DE APRENDIZAJE."></unicode>
        <string role="key" value="_author"></string>
        <string value=""></string>
        <string role="key" value="_purpose"></string>
        <string value=""></string>
        <string role="key" value="_tip"></string>
        <unicode value=""></unicode>
        <string role="key" value="class_"></string>
        <string value=""></string>
        <string role="key" value="edit"></string>
        <bool value="0"></bool>
        <string role="key" value="emphasis"></string>
        <int value="1"></int>
        <string role="key" value="exe.engine.genericidevice.GenericIdevice.persistenceVersion"></string>
        <int value="11"></int>
        <string role="key" value="fields"></string>
        <list>
         <instance class="exe.engine.field.TextAreaField" reference="9">
          <dictionary>
           <string role="key" value="_id"></string>
           <unicode value="213_20"></unicode>
           <string role="key" value="_idevice"></string>
           <reference key="8"></reference>
           <string role="key" value="_instruc"></string>
           <unicode value="Introduzca aquí las instrucciones para la realización de la actividad"></unicode>
           <string role="key" value="_name"></string>
           <unicode value="Introduzca aquí la etiqueta"></unicode>
           <string role="key" value="anchor_names"></string>
           <list></list>
           <string role="key" value="content_w_resourcePaths"></string>
           <unicode content="true" value="&lt;p&gt;&lt;button id=&quot;bt&quot; onclick=&quot;window.open('https://www.youtube.com/embed/orqyztJPuWk','xxxx')&quot;&gt;VIDEO:HISTORIA DE SQL&lt;/button&gt;&lt;/p&gt;
&lt;p&gt;&lt;button id=&quot;bt&quot; onclick=&quot;window.open('https://www.youtube.com/embed/c4P__KoPZwo','xxxx')&quot;&gt;VIDEO: CURSO DE SQL PARA MYSQL&lt;/button&gt;&lt;/p&gt;
&lt;p&gt;&lt;button id=&quot;bt&quot; onclick=&quot;window.open('https://www.youtube.com/embed/Tmo7jOgFItE','xxxx')&quot;&gt;VIDEO: Mejorar el Rendimiento de las Consultas&lt;/button&gt;&lt;/p&gt;
&lt;p&gt;&lt;button id=&quot;bt&quot; onclick=&quot;window.open('https://www.youtube.com/embed/4QOKlKywDE8','xxxx')&quot;&gt;CASO DE ESTUDIO RESTAURANTE EL BUEN COMER&lt;/button&gt;&lt;/p&gt;
&lt;p&gt;&lt;button id=&quot;bt&quot; onclick=&quot;window.open('https://www.youtube.com/embed/zNPqpgzgt58','xxxx')&quot;&gt;INSTALANDO XAMPP&lt;/button&gt;&lt;/p&gt;
&lt;p&gt;&lt;button id=&quot;bt&quot; onclick=&quot;window.open('https://drive.google.com/file/d/193MnFt4vnbPiqcJqWiEA7CmeT-W-yykO/view?usp=sharing','xxxx')&quot;&gt;FUNDAMENTOS DE SQL&lt;/button&gt;&lt;/p&gt;"></unicode>
           <string role="key" value="exe.engine.field.Field.persistenceVersion"></string>
           <int value="4"></int>
           <string role="key" value="exe.engine.field.FieldWithResources.persistenceVersion"></string>
           <int value="2"></int>
           <string role="key" value="exe.engine.field.TextAreaField.persistenceVersion"></string>
           <int value="3"></int>
           <string role="key" value="htmlTag"></string>
           <string value="div"></string>
           <string role="key" value="images"></string>
           <instance class="exe.engine.galleryidevice.GalleryImages">
            <dictionary>
             <string role="key" value=".listitems"></string>
             <list></list>
             <string role="key" value="idevice"></string>
             <reference key="9"></reference>
            </dictionary>
           </instance>
           <string role="key" value="intlinks_to_anchors"></string>
           <dictionary></dictionary>
           <string role="key" value="nextImageId"></string>
           <int value="0"></int>
           <string role="key" value="parentNode"></string>
           <none></none>
          </dictionary>
         </instance>
        </list>
        <string role="key" value="icon"></string>
        <string value=""></string>
        <string role="key" value="id"></string>
        <unicode value="36"></unicode>
        <string role="key" value="lastIdevice"></string>
        <bool value="0"></bool>
        <string role="key" value="nextFieldId"></string>
        <int value="21"></int>
        <string role="key" value="originalicon"></string>
        <none></none>
        <string role="key" value="parentNode"></string>
        <reference key="3"></reference>
        <string role="key" value="systemResources"></string>
        <list>
         <string value="common.js"></string>
        </list>
        <string role="key" value="undo"></string>
        <bool value="1"></bool>
        <string role="key" value="userResources"></string>
        <list></list>
        <string role="key" value="version"></string>
        <int value="0"></int>
       </dictionary>
      </instance>
      <instance class="exe.engine.genericidevice.GenericIdevice" reference="10">
       <dictionary>
        <string role="key" value="_title"></string>
        <unicode value="INSTRUMENTOS DE EVALUACIÓN  DE LA ACTIVIDAD DE APRENDIZAJE."></unicode>
        <string role="key" value="_author"></string>
        <string value=""></string>
        <string role="key" value="_purpose"></string>
        <string value=""></string>
        <string role="key" value="_tip"></string>
        <unicode value=""></unicode>
        <string role="key" value="class_"></string>
        <string value=""></string>
        <string role="key" value="edit"></string>
        <bool value="0"></bool>
        <string role="key" value="emphasis"></string>
        <int value="1"></int>
        <string role="key" value="exe.engine.genericidevice.GenericIdevice.persistenceVersion"></string>
        <int value="11"></int>
        <string role="key" value="fields"></string>
        <list>
         <instance class="exe.engine.field.TextAreaField" reference="11">
          <dictionary>
           <string role="key" value="_id"></string>
           <unicode value="217_22"></unicode>
           <string role="key" value="_idevice"></string>
           <reference key="10"></reference>
           <string role="key" value="_instruc"></string>
           <unicode value="Introduzca aquí las instrucciones para la realización de la actividad"></unicode>
           <string role="key" value="_name"></string>
           <unicode value="Introduzca aquí la etiqueta"></unicode>
           <string role="key" value="anchor_names"></string>
           <list></list>
           <string role="key" value="content_w_resourcePaths"></string>
           <unicode content="true" value="&lt;p&gt;&lt;button id=&quot;bt&quot; onclick=&quot;window.open('https://drive.google.com/file/d/1ahcHmOgbD0UlDc_sygYvO5-l3oF1ynF7/view?usp=sharing','xxxx')&quot;&gt;IEV1 ORGANIZADOR GRÁFICO&lt;/button&gt;&lt;/p&gt;
&lt;p&gt;&lt;button id=&quot;bt&quot; onclick=&quot;window.open('https://drive.google.com/file/d/14fQAd0hsbjjxiF3jXHxprHzkLvY7luWJ/view?usp=sharing','xxxx')&quot;&gt;IEV3 CURSORES Y TRIGGER&lt;/button&gt;&lt;/p&gt;
&lt;p&gt;&lt;button id=&quot;bt&quot; onclick=&quot;window.open('https://drive.google.com/file/d/1h8qlBpqp66TLoUvyf5JdrGpATxgeuX6M/view?usp=sharing','xxxx')&quot;&gt;IEV4 CASO DE ESTUDIO&lt;/button&gt;&lt;/p&gt;"></unicode>
           <string role="key" value="exe.engine.field.Field.persistenceVersion"></string>
           <int value="4"></int>
           <string role="key" value="exe.engine.field.FieldWithResources.persistenceVersion"></string>
           <int value="2"></int>
           <string role="key" value="exe.engine.field.TextAreaField.persistenceVersion"></string>
           <int value="3"></int>
           <string role="key" value="htmlTag"></string>
           <string value="div"></string>
           <string role="key" value="images"></string>
           <instance class="exe.engine.galleryidevice.GalleryImages">
            <dictionary>
             <string role="key" value=".listitems"></string>
             <list></list>
             <string role="key" value="idevice"></string>
             <reference key="11"></reference>
            </dictionary>
           </instance>
           <string role="key" value="intlinks_to_anchors"></string>
           <dictionary></dictionary>
           <string role="key" value="nextImageId"></string>
           <int value="0"></int>
           <string role="key" value="parentNode"></string>
           <none></none>
          </dictionary>
         </instance>
        </list>
        <string role="key" value="icon"></string>
        <string value=""></string>
        <string role="key" value="id"></string>
        <unicode value="37"></unicode>
        <string role="key" value="lastIdevice"></string>
        <bool value="0"></bool>
        <string role="key" value="nextFieldId"></string>
        <int value="23"></int>
        <string role="key" value="originalicon"></string>
        <none></none>
        <string role="key" value="parentNode"></string>
        <reference key="3"></reference>
        <string role="key" value="systemResources"></string>
        <list>
         <string value="common.js"></string>
        </list>
        <string role="key" value="undo"></string>
        <bool value="1"></bool>
        <string role="key" value="userResources"></string>
        <list></list>
        <string role="key" value="version"></string>
        <int value="0"></int>
       </dictionary>
      </instance>
      <instance class="exe.engine.fileattachidevice.FileAttachIdeviceInc" reference="12">
       <dictionary>
        <string role="key" value="_title"></string>
        <unicode value="Adjuntos"></unicode>
        <string role="key" value="_author"></string>
        <unicode value="Toughra Technologies FZ LLC."></unicode>
        <string role="key" value="_purpose"></string>
        <unicode value="File Attachments Idevice."></unicode>
        <string role="key" value="_tip"></string>
        <string value=""></string>
        <string role="key" value="edit"></string>
        <bool value="0"></bool>
        <string role="key" value="emphasis"></string>
        <int value="1"></int>
        <string role="key" value="exe.engine.fileattachidevice.FileAttachIdeviceInc.persistenceVersion"></string>
        <int value="2"></int>
        <string role="key" value="fileAttachmentFields"></string>
        <list>
         <instance class="exe.engine.extendedfieldengine.FileField" reference="13">
          <dictionary>
           <string role="key" value="_id"></string>
           <int value="253"></int>
           <string role="key" value="_idevice"></string>
           <reference key="12"></reference>
           <string role="key" value="_instruc"></string>
           <string value="File Field Help"></string>
           <string role="key" value="_name"></string>
           <string value="File Field"></string>
           <string role="key" value="alwaysNameTo"></string>
           <none></none>
           <string role="key" value="exe.engine.extendedfieldengine.FileField.persistenceVersion"></string>
           <int value="5"></int>
           <string role="key" value="exe.engine.field.Field.persistenceVersion"></string>
           <int value="4"></int>
           <string role="key" value="fileDescription"></string>
           <instance class="exe.engine.field.TextField">
            <dictionary>
             <string role="key" value="_id"></string>
             <int value="254"></int>
             <string role="key" value="_idevice"></string>
             <reference key="13"></reference>
             <string role="key" value="_instruc"></string>
             <string value=""></string>
             <string role="key" value="_name"></string>
             <string value="Description"></string>
             <string role="key" value="content"></string>
             <unicode value="ESQUEMA HR PARA MYSQL"></unicode>
             <string role="key" value="exe.engine.field.Field.persistenceVersion"></string>
             <int value="4"></int>
            </dictionary>
           </instance>
           <string role="key" value="fileInstruc"></string>
           <string value="Upload a file"></string>
           <string role="key" value="fileResource"></string>
           <instance class="exe.engine.resource.Resource">
            <dictionary>
             <string role="key" value="_idevice"></string>
             <reference key="12"></reference>
             <string role="key" value="_package"></string>
             <reference key="14"></reference>
             <string role="key" value="_storageName"></string>
             <string value="HRMYSQL.zip"></string>
             <string role="key" value="_userName"></string>
             <string value="F:\\SENA\\ADSI\\GIT\\CGMLTI\\mysql\\HRMYSQL.zip"></string>
             <string role="key" value="checksum"></string>
             <string value="00ef6f9a0ff3105079ffabb8276baade"></string>
             <string role="key" value="exe.engine.resource.Resource.persistenceVersion"></string>
             <int value="2"></int>
             <string role="key" value="exe.engine.resource._Resource.persistenceVersion"></string>
             <int value="2"></int>
            </dictionary>
           </instance>
          </dictionary>
         </instance>
         <instance class="exe.engine.extendedfieldengine.FileField" reference="15">
          <dictionary>
           <string role="key" value="_id"></string>
           <int value="255"></int>
           <string role="key" value="_idevice"></string>
           <reference key="12"></reference>
           <string role="key" value="_instruc"></string>
           <string value="File Field Help"></string>
           <string role="key" value="_name"></string>
           <string value="File Field"></string>
           <string role="key" value="alwaysNameTo"></string>
           <none></none>
           <string role="key" value="exe.engine.extendedfieldengine.FileField.persistenceVersion"></string>
           <int value="5"></int>
           <string role="key" value="exe.engine.field.Field.persistenceVersion"></string>
           <int value="4"></int>
           <string role="key" value="fileDescription"></string>
           <instance class="exe.engine.field.TextField">
            <dictionary>
             <string role="key" value="_id"></string>
             <int value="256"></int>
             <string role="key" value="_idevice"></string>
             <reference key="15"></reference>
             <string role="key" value="_instruc"></string>
             <string value=""></string>
             <string role="key" value="_name"></string>
             <string value="Description"></string>
             <string role="key" value="content"></string>
             <unicode value="ESQUEMA SALUD PARA MYSQL"></unicode>
             <string role="key" value="exe.engine.field.Field.persistenceVersion"></string>
             <int value="4"></int>
            </dictionary>
           </instance>
           <string role="key" value="fileInstruc"></string>
           <string value="Upload a file"></string>
           <string role="key" value="fileResource"></string>
           <instance class="exe.engine.resource.Resource">
            <dictionary>
             <string role="key" value="_idevice"></string>
             <reference key="12"></reference>
             <string role="key" value="_package"></string>
             <reference key="14"></reference>
             <string role="key" value="_storageName"></string>
             <string value="SALUDTABLAMYSQL.zip"></string>
             <string role="key" value="_userName"></string>
             <string value="F:\\SENA\\ADSI\\GIT\\CGMLTI\\mysql\\SALUDTABLAMYSQL.zip"></string>
             <string role="key" value="checksum"></string>
             <string value="36a49bd081764bb8ff6ca50e2df84490"></string>
             <string role="key" value="exe.engine.resource.Resource.persistenceVersion"></string>
             <int value="2"></int>
             <string role="key" value="exe.engine.resource._Resource.persistenceVersion"></string>
             <int value="2"></int>
            </dictionary>
           </instance>
          </dictionary>
         </instance>
         <instance class="exe.engine.extendedfieldengine.FileField" reference="16">
          <dictionary>
           <string role="key" value="_id"></string>
           <int value="259"></int>
           <string role="key" value="_idevice"></string>
           <reference key="12"></reference>
           <string role="key" value="_instruc"></string>
           <string value="File Field Help"></string>
           <string role="key" value="_name"></string>
           <string value="File Field"></string>
           <string role="key" value="alwaysNameTo"></string>
           <none></none>
           <string role="key" value="exe.engine.extendedfieldengine.FileField.persistenceVersion"></string>
           <int value="5"></int>
           <string role="key" value="exe.engine.field.Field.persistenceVersion"></string>
           <int value="4"></int>
           <string role="key" value="fileDescription"></string>
           <instance class="exe.engine.field.TextField">
            <dictionary>
             <string role="key" value="_id"></string>
             <int value="260"></int>
             <string role="key" value="_idevice"></string>
             <reference key="16"></reference>
             <string role="key" value="_instruc"></string>
             <string value=""></string>
             <string role="key" value="_name"></string>
             <string value="Description"></string>
             <string role="key" value="content"></string>
             <unicode value="Crucigrama Terminos SQL extendido"></unicode>
             <string role="key" value="exe.engine.field.Field.persistenceVersion"></string>
             <int value="4"></int>
            </dictionary>
           </instance>
           <string role="key" value="fileInstruc"></string>
           <string value="Upload a file"></string>
           <string role="key" value="fileResource"></string>
           <instance class="exe.engine.resource.Resource">
            <dictionary>
             <string role="key" value="_idevice"></string>
             <reference key="12"></reference>
             <string role="key" value="_package"></string>
             <reference key="14"></reference>
             <string role="key" value="_storageName"></string>
             <string value="SQLEXT.htm"></string>
             <string role="key" value="_userName"></string>
             <string value="C:\\borrar\\SQLEXT.htm"></string>
             <string role="key" value="checksum"></string>
             <string value="dcefc3d7af5fd462dfa94a7f27001b94"></string>
             <string role="key" value="exe.engine.resource.Resource.persistenceVersion"></string>
             <int value="2"></int>
             <string role="key" value="exe.engine.resource._Resource.persistenceVersion"></string>
             <int value="2"></int>
            </dictionary>
           </instance>
          </dictionary>
         </instance>
         <instance class="exe.engine.extendedfieldengine.FileField" reference="17">
          <dictionary>
           <string role="key" value="_id"></string>
           <int value="261"></int>
           <string role="key" value="_idevice"></string>
           <reference key="12"></reference>
           <string role="key" value="_instruc"></string>
           <string value="File Field Help"></string>
           <string role="key" value="_name"></string>
           <string value="File Field"></string>
           <string role="key" value="alwaysNameTo"></string>
           <none></none>
           <string role="key" value="exe.engine.extendedfieldengine.FileField.persistenceVersion"></string>
           <int value="5"></int>
           <string role="key" value="exe.engine.field.Field.persistenceVersion"></string>
           <int value="4"></int>
           <string role="key" value="fileDescription"></string>
           <instance class="exe.engine.field.TextField">
            <dictionary>
             <string role="key" value="_id"></string>
             <int value="262"></int>
             <string role="key" value="_idevice"></string>
             <reference key="17"></reference>
             <string role="key" value="_instruc"></string>
             <string value=""></string>
             <string role="key" value="_name"></string>
             <string value="Description"></string>
             <string role="key" value="content"></string>
             <unicode value="Neptuno.xls"></unicode>
             <string role="key" value="exe.engine.field.Field.persistenceVersion"></string>
             <int value="4"></int>
            </dictionary>
           </instance>
           <string role="key" value="fileInstruc"></string>
           <string value="Upload a file"></string>
           <string role="key" value="fileResource"></string>
           <instance class="exe.engine.resource.Resource">
            <dictionary>
             <string role="key" value="_idevice"></string>
             <reference key="12"></reference>
             <string role="key" value="_package"></string>
             <reference key="14"></reference>
             <string role="key" value="_storageName"></string>
             <string value="Neptuno.xls"></string>
             <string role="key" value="_userName"></string>
             <string value="F:\\SENA\\ADSI\\GUIAS\\DESARROLLO BD\\Neptuno.xls"></string>
             <string role="key" value="checksum"></string>
             <string value="99efaf43df842658066a04a7fd8340a5"></string>
             <string role="key" value="exe.engine.resource.Resource.persistenceVersion"></string>
             <int value="2"></int>
             <string role="key" value="exe.engine.resource._Resource.persistenceVersion"></string>
             <int value="2"></int>
            </dictionary>
           </instance>
          </dictionary>
         </instance>
        </list>
        <string role="key" value="fileAttachmentsDesc"></string>
        <list></list>
        <string role="key" value="icon"></string>
        <string value="assignment"></string>
        <string role="key" value="id"></string>
        <unicode value="7"></unicode>
        <string role="key" value="introHTML"></string>
        <instance class="exe.engine.field.TextAreaField" reference="18">
         <dictionary>
          <string role="key" value="_id"></string>
          <int value="83"></int>
          <string role="key" value="_idevice"></string>
          <reference key="12"></reference>
          <string role="key" value="_instruc"></string>
          <string value="Instructions"></string>
          <string role="key" value="_name"></string>
          <string value="Instructions"></string>
          <string role="key" value="anchor_names"></string>
          <list></list>
          <string role="key" value="anchors_linked_from_fields"></string>
          <dictionary></dictionary>
          <string role="key" value="content_w_resourcePaths"></string>
          <unicode content="true" value="&lt;p&gt;&lt;img src=&quot;resources/FICHEROSADJUNTOS.png&quot; alt=&quot;&quot; width=&quot;707&quot; height=&quot;220&quot; /&gt;&lt;/p&gt;"></unicode>
          <string role="key" value="exe.engine.field.Field.persistenceVersion"></string>
          <int value="4"></int>
          <string role="key" value="exe.engine.field.FieldWithResources.persistenceVersion"></string>
          <int value="2"></int>
          <string role="key" value="exe.engine.field.TextAreaField.persistenceVersion"></string>
          <int value="3"></int>
          <string role="key" value="htmlTag"></string>
          <string value="div"></string>
          <string role="key" value="images"></string>
          <instance class="exe.engine.galleryidevice.GalleryImages">
           <dictionary>
            <string role="key" value=".listitems"></string>
            <list>
             <instance class="exe.engine.galleryidevice.GalleryImage">
              <dictionary>
               <string role="key" value="_caption"></string>
               <instance class="exe.engine.field.TextField">
                <dictionary>
                 <string role="key" value="_id"></string>
                 <int value="252"></int>
                 <string role="key" value="_idevice"></string>
                 <none></none>
                 <string role="key" value="_instruc"></string>
                 <string value=""></string>
                 <string role="key" value="_name"></string>
                 <string value=""></string>
                 <string role="key" value="content"></string>
                 <string value=""></string>
                 <string role="key" value="exe.engine.field.Field.persistenceVersion"></string>
                 <int value="4"></int>
                </dictionary>
               </instance>
               <string role="key" value="_id"></string>
               <unicode value="7_83.0"></unicode>
               <string role="key" value="_imageResource"></string>
               <instance class="exe.engine.resource.Resource">
                <dictionary>
                 <string role="key" value="_idevice"></string>
                 <reference key="12"></reference>
                 <string role="key" value="_package"></string>
                 <reference key="14"></reference>
                 <string role="key" value="_storageName"></string>
                 <string value="FICHEROSADJUNTOS.png"></string>
                 <string role="key" value="_userName"></string>
                 <string value="c:\\users\\josefg~1\\appdata\\local\\temp\\tmp0ika7f.eXe\\previews\\allyourbase\\FICHEROSADJUNTOS.png"></string>
                 <string role="key" value="checksum"></string>
                 <string value="eb5c793ef7784c087811d37522833d75"></string>
                 <string role="key" value="exe.engine.resource.Resource.persistenceVersion"></string>
                 <int value="2"></int>
                 <string role="key" value="exe.engine.resource._Resource.persistenceVersion"></string>
                 <int value="2"></int>
                 <string role="key" value="warningMsg"></string>
                 <string value=""></string>
                </dictionary>
               </instance>
               <string role="key" value="_parent"></string>
               <reference key="18"></reference>
               <string role="key" value="_thumbnailResource"></string>
               <none></none>
               <string role="key" value="exe.engine.galleryidevice.GalleryImage.persistenceVersion"></string>
               <int value="3"></int>
               <string role="key" value="makeThumbnail"></string>
               <bool value="0"></bool>
              </dictionary>
             </instance>
            </list>
            <string role="key" value="idevice"></string>
            <reference key="18"></reference>
           </dictionary>
          </instance>
          <string role="key" value="intlinks_to_anchors"></string>
          <dictionary></dictionary>
          <string role="key" value="nextImageId"></string>
          <int value="1"></int>
          <string role="key" value="parentNode"></string>
          <reference key="3"></reference>
         </dictionary>
        </instance>
        <string role="key" value="lastIdevice"></string>
        <bool value="0"></bool>
        <string role="key" value="message"></string>
        <string value=""></string>
        <string role="key" value="originalicon"></string>
        <string value=""></string>
        <string role="key" value="parentNode"></string>
        <reference key="3"></reference>
        <string role="key" value="showDesc"></string>
        <instance class="exe.engine.extendedfieldengine.ChoiceField">
         <dictionary>
          <string role="key" value="_id"></string>
          <int value="82"></int>
          <string role="key" value="_idevice"></string>
          <reference key="12"></reference>
          <string role="key" value="_instruc"></string>
          <string value="Show Description"></string>
          <string role="key" value="_name"></string>
          <string value="Show description and link"></string>
          <string role="key" value="content"></string>
          <unicode value="yes"></unicode>
          <string role="key" value="exe.engine.extendedfieldengine.ChoiceField.persistenceVersion"></string>
          <int value="3"></int>
          <string role="key" value="exe.engine.field.Field.persistenceVersion"></string>
          <int value="4"></int>
          <string role="key" value="options"></string>
          <list>
           <list>
            <string value="yes"></string>
            <string value="Yes"></string>
           </list>
           <list>
            <string value="no"></string>
            <string value="No"></string>
           </list>
          </list>
         </dictionary>
        </instance>
        <string role="key" value="systemResources"></string>
        <list></list>
        <string role="key" value="undo"></string>
        <bool value="0"></bool>
        <string role="key" value="userResources"></string>
        <list>
         <instance class="exe.engine.resource.Resource" reference="21">
          <dictionary>
           <string role="key" value="_idevice"></string>
           <reference key="12"></reference>
           <string role="key" value="_package"></string>
           <reference key="14"></reference>
           <string role="key" value="_storageName"></string>
           <string value="CASO DE ESTUDIO SQL.pdf"></string>
           <string role="key" value="_userName"></string>
           <string value="c:\\users\\josefg~1\\appdata\\local\\temp\\tmp9wg31w\\CASO DE ESTUDIO SQL.pdf"></string>
           <string role="key" value="checksum"></string>
           <string value="445bd332eb48a63f6063ecbfee83a0c4"></string>
           <string role="key" value="exe.engine.resource.Resource.persistenceVersion"></string>
           <int value="2"></int>
           <string role="key" value="exe.engine.resource._Resource.persistenceVersion"></string>
           <int value="2"></int>
          </dictionary>
         </instance>
         <instance class="exe.engine.resource.Resource" reference="22">
          <dictionary>
           <string role="key" value="_idevice"></string>
           <reference key="12"></reference>
           <string role="key" value="_package"></string>
           <reference key="14"></reference>
           <string role="key" value="_storageName"></string>
           <string value="CrucigramaSQL.htm"></string>
           <string role="key" value="_userName"></string>
           <string value="c:\\users\\josefg~1\\appdata\\local\\temp\\tmp9wg31w\\CrucigramaSQL.htm"></string>
           <string role="key" value="checksum"></string>
           <string value="516caea6f725b917162ea45802550871"></string>
           <string role="key" value="exe.engine.resource.Resource.persistenceVersion"></string>
           <int value="2"></int>
           <string role="key" value="exe.engine.resource._Resource.persistenceVersion"></string>
           <int value="2"></int>
          </dictionary>
         </instance>
         <instance class="exe.engine.resource.Resource" reference="23">
          <dictionary>
           <string role="key" value="_idevice"></string>
           <reference key="12"></reference>
           <string role="key" value="_package"></string>
           <reference key="14"></reference>
           <string role="key" value="_storageName"></string>
           <string value="DESARROLLOBDSCORM.zip"></string>
           <string role="key" value="_userName"></string>
           <string value="c:\\users\\josefg~1\\appdata\\local\\temp\\tmp9wg31w\\DESARROLLOBDSCORM.zip"></string>
           <string role="key" value="checksum"></string>
           <string value="73c4231563d4518cd3f227b41d0b30b1"></string>
           <string role="key" value="exe.engine.resource.Resource.persistenceVersion"></string>
           <int value="2"></int>
           <string role="key" value="exe.engine.resource._Resource.persistenceVersion"></string>
           <int value="2"></int>
          </dictionary>
         </instance>
         <instance class="exe.engine.resource.Resource" reference="28">
          <dictionary>
           <string role="key" value="_idevice"></string>
           <reference key="12"></reference>
           <string role="key" value="_package"></string>
           <reference key="14"></reference>
           <string role="key" value="_storageName"></string>
           <string value="FICHEROSADJUNTOS.png"></string>
           <string role="key" value="_userName"></string>
           <string value="c:\\users\\josefg~1\\appdata\\local\\temp\\tmp9wg31w\\FICHEROSADJUNTOS.png"></string>
           <string role="key" value="checksum"></string>
           <string value="eb5c793ef7784c087811d37522833d75"></string>
           <string role="key" value="exe.engine.resource.Resource.persistenceVersion"></string>
           <int value="2"></int>
           <string role="key" value="exe.engine.resource._Resource.persistenceVersion"></string>
           <int value="2"></int>
          </dictionary>
         </instance>
         <instance class="exe.engine.resource.Resource" reference="26">
          <dictionary>
           <string role="key" value="_idevice"></string>
           <reference key="12"></reference>
           <string role="key" value="_package"></string>
           <reference key="14"></reference>
           <string role="key" value="_storageName"></string>
           <string value="GFPI-F-019_GUIA_DE_APRENDIZAJE_SQL_NF.pdf"></string>
           <string role="key" value="_userName"></string>
           <string value="c:\\users\\josefg~1\\appdata\\local\\temp\\tmp9wg31w\\GFPI-F-019_GUIA_DE_APRENDIZAJE_SQL_NF.pdf"></string>
           <string role="key" value="checksum"></string>
           <string value="9dcfa5972e1d577436d84451e1acf8f3"></string>
           <string role="key" value="exe.engine.resource.Resource.persistenceVersion"></string>
           <int value="2"></int>
           <string role="key" value="exe.engine.resource._Resource.persistenceVersion"></string>
           <int value="2"></int>
          </dictionary>
         </instance>
         <instance class="exe.engine.resource.Resource" reference="29">
          <dictionary>
           <string role="key" value="_idevice"></string>
           <reference key="12"></reference>
           <string role="key" value="_package"></string>
           <reference key="14"></reference>
           <string role="key" value="_storageName"></string>
           <string value="HR.zip"></string>
           <string role="key" value="_userName"></string>
           <string value="c:\\users\\josefg~1\\appdata\\local\\temp\\tmp9wg31w\\HR.zip"></string>
           <string role="key" value="checksum"></string>
           <string value="fcc4d8cbebc30d97f40b01c47b77ea88"></string>
           <string role="key" value="exe.engine.resource.Resource.persistenceVersion"></string>
           <int value="2"></int>
           <string role="key" value="exe.engine.resource._Resource.persistenceVersion"></string>
           <int value="2"></int>
          </dictionary>
         </instance>
         <instance class="exe.engine.resource.Resource" reference="19">
          <dictionary>
           <string role="key" value="_idevice"></string>
           <reference key="12"></reference>
           <string role="key" value="_package"></string>
           <reference key="14"></reference>
           <string role="key" value="_storageName"></string>
           <string value="HRMYSQL.zip"></string>
           <string role="key" value="_userName"></string>
           <string value="c:\\users\\josefg~1\\appdata\\local\\temp\\tmp9wg31w\\HRMYSQL.zip"></string>
           <string role="key" value="checksum"></string>
           <string value="00ef6f9a0ff3105079ffabb8276baade"></string>
           <string role="key" value="exe.engine.resource.Resource.persistenceVersion"></string>
           <int value="2"></int>
           <string role="key" value="exe.engine.resource._Resource.persistenceVersion"></string>
           <int value="2"></int>
          </dictionary>
         </instance>
         <instance class="exe.engine.resource.Resource" reference="25">
          <dictionary>
           <string role="key" value="_idevice"></string>
           <reference key="12"></reference>
           <string role="key" value="_package"></string>
           <reference key="14"></reference>
           <string role="key" value="_storageName"></string>
           <string value="Neptuno.xls"></string>
           <string role="key" value="_userName"></string>
           <string value="c:\\users\\josefg~1\\appdata\\local\\temp\\tmp9wg31w\\Neptuno.xls"></string>
           <string role="key" value="checksum"></string>
           <string value="99efaf43df842658066a04a7fd8340a5"></string>
           <string role="key" value="exe.engine.resource.Resource.persistenceVersion"></string>
           <int value="2"></int>
           <string role="key" value="exe.engine.resource._Resource.persistenceVersion"></string>
           <int value="2"></int>
          </dictionary>
         </instance>
         <instance class="exe.engine.resource.Resource" reference="20">
          <dictionary>
           <string role="key" value="_idevice"></string>
           <reference key="12"></reference>
           <string role="key" value="_package"></string>
           <reference key="14"></reference>
           <string role="key" value="_storageName"></string>
           <string value="SALUDTABLAMYSQL.zip"></string>
           <string role="key" value="_userName"></string>
           <string value="c:\\users\\josefg~1\\appdata\\local\\temp\\tmp9wg31w\\SALUDTABLAMYSQL.zip"></string>
           <string role="key" value="checksum"></string>
           <string value="36a49bd081764bb8ff6ca50e2df84490"></string>
           <string role="key" value="exe.engine.resource.Resource.persistenceVersion"></string>
           <int value="2"></int>
           <string role="key" value="exe.engine.resource._Resource.persistenceVersion"></string>
           <int value="2"></int>
          </dictionary>
         </instance>
         <instance class="exe.engine.resource.Resource" reference="27">
          <dictionary>
           <string role="key" value="_idevice"></string>
           <reference key="12"></reference>
           <string role="key" value="_package"></string>
           <reference key="14"></reference>
           <string role="key" value="_storageName"></string>
           <string value="SQLEXT.htm"></string>
           <string role="key" value="_userName"></string>
           <string value="c:\\users\\josefg~1\\appdata\\local\\temp\\tmp9wg31w\\SQLEXT.htm"></string>
           <string role="key" value="checksum"></string>
           <string value="dcefc3d7af5fd462dfa94a7f27001b94"></string>
           <string role="key" value="exe.engine.resource.Resource.persistenceVersion"></string>
           <int value="2"></int>
           <string role="key" value="exe.engine.resource._Resource.persistenceVersion"></string>
           <int value="2"></int>
          </dictionary>
         </instance>
         <instance class="exe.engine.resource.Resource" reference="24">
          <dictionary>
           <string role="key" value="_idevice"></string>
           <reference key="12"></reference>
           <string role="key" value="_package"></string>
           <reference key="14"></reference>
           <string role="key" value="_storageName"></string>
           <string value="sqlextsl.html"></string>
           <string role="key" value="_userName"></string>
           <string value="c:\\users\\josefg~1\\appdata\\local\\temp\\tmp9wg31w\\sqlextsl.html"></string>
           <string role="key" value="checksum"></string>
           <string value="95e3cf5c871ee340e880bbe182245816"></string>
           <string role="key" value="exe.engine.resource.Resource.persistenceVersion"></string>
           <int value="2"></int>
           <string role="key" value="exe.engine.resource._Resource.persistenceVersion"></string>
           <int value="2"></int>
          </dictionary>
         </instance>
        </list>
        <string role="key" value="version"></string>
        <int value="0"></int>
       </dictionary>
      </instance>
     </list>
     <string role="key" value="_id"></string>
     <unicode value="0"></unicode>
     <string role="key" value="_package"></string>
     <reference key="14"></reference>
     <string role="key" value="anchor_fields"></string>
     <list></list>
     <string role="key" value="exe.engine.node.Node.persistenceVersion"></string>
     <int value="2"></int>
     <string role="key" value="exportType"></string>
     <string value="scorm"></string>
     <string role="key" value="last_full_node_path"></string>
     <string value="exe-node:AA%20DESARROLLAR%20LA%20BASE%20DE%20DATOS"></string>
     <string role="key" value="parent"></string>
     <none></none>
     <string role="key" value="top_anchors_linked_from_fields"></string>
     <list></list>
     <string role="key" value="children"></string>
     <list></list>
    </dictionary>
   </instance>
  </dictionary>
  <string role="key" value="_objectives"></string>
  <unicode value=""></unicode>
  <string role="key" value="_preknowledge"></string>
  <unicode value=""></unicode>
  <string role="key" value="backgroundImgTile"></string>
  <bool value="0"></bool>
  <string role="key" value="compatibleWithVersion9"></string>
  <bool value="0"></bool>
  <string role="key" value="currentNode"></string>
  <reference key="3"></reference>
  <string role="key" value="dublinCore"></string>
  <instance class="exe.engine.package.DublinCore">
   <dictionary>
    <string role="key" value="contributors"></string>
    <unicode value=""></unicode>
    <string role="key" value="coverage"></string>
    <unicode value=""></unicode>
    <string role="key" value="creator"></string>
    <unicode value=""></unicode>
    <string role="key" value="date"></string>
    <unicode value=""></unicode>
    <string role="key" value="description"></string>
    <unicode value=""></unicode>
    <string role="key" value="format"></string>
    <unicode value=""></unicode>
    <string role="key" value="identifier"></string>
    <unicode value="48cb35ae-0813-4295-80bb-e1664b57b91a"></unicode>
    <string role="key" value="language"></string>
    <unicode value="es"></unicode>
    <string role="key" value="publisher"></string>
    <unicode value=""></unicode>
    <string role="key" value="relation"></string>
    <unicode value=""></unicode>
    <string role="key" value="rights"></string>
    <unicode value=""></unicode>
    <string role="key" value="source"></string>
    <unicode value=""></unicode>
    <string role="key" value="subject"></string>
    <unicode value=""></unicode>
    <string role="key" value="title"></string>
    <unicode value=""></unicode>
    <string role="key" value="type"></string>
    <unicode value=""></unicode>
   </dictionary>
  </instance>
  <string role="key" value="exe.engine.package.Package.persistenceVersion"></string>
  <int value="13"></int>
  <string role="key" value="exportMetadataType"></string>
  <string value="LOMES"></string>
  <string role="key" value="exportSource"></string>
  <bool value="1"></bool>
  <string role="key" value="footer"></string>
  <string value=""></string>
  <string role="key" value="isLoading"></string>
  <bool value="0"></bool>
  <string role="key" value="license"></string>
  <unicode value=""></unicode>
  <string role="key" value="lom"></string>
  <instance class="exe.engine.lom.lomsubs.lomSub">
   <dictionary>
    <string role="key" value="__index__"></string>
    <dictionary></dictionary>
    <string role="key" value="__oldchild__"></string>
    <none></none>
    <string role="key" value="annotation"></string>
    <list></list>
    <string role="key" value="classification"></string>
    <list></list>
    <string role="key" value="educational"></string>
    <list>
     <instance class="exe.engine.lom.lomsubs.educationalSub">
      <dictionary>
       <string role="key" value="cognitiveProcess"></string>
       <list></list>
       <string role="key" value="context"></string>
       <list></list>
       <string role="key" value="description"></string>
       <list></list>
       <string role="key" value="difficulty"></string>
       <none></none>
       <string role="key" value="intendedEndUserRole"></string>
       <list></list>
       <string role="key" value="interactivityLevel"></string>
       <none></none>
       <string role="key" value="interactivityType"></string>
       <none></none>
       <string role="key" value="language"></string>
       <list>
        <instance class="exe.engine.lom.lomsubs.LanguageIdSub">
         <dictionary>
          <string role="key" value="extensiontype_"></string>
          <none></none>
          <string role="key" value="valueOf_"></string>
          <string value="es"></string>
         </dictionary>
        </instance>
       </list>
       <string role="key" value="learningResourceType"></string>
       <list></list>
       <string role="key" value="semanticDensity"></string>
       <none></none>
       <string role="key" value="typicalAgeRange"></string>
       <list></list>
       <string role="key" value="typicalLearningTime"></string>
       <none></none>
      </dictionary>
     </instance>
    </list>
    <string role="key" value="general"></string>
    <instance class="exe.engine.lom.lomsubs.generalSub">
     <dictionary>
      <string role="key" value="aggregationLevel"></string>
      <instance class="exe.engine.lom.lomsubs.aggregationLevelSub">
       <dictionary>
        <string role="key" value="extensiontype_"></string>
        <none></none>
        <string role="key" value="source"></string>
        <instance class="exe.engine.lom.lomsubs.sourceValueSub">
         <dictionary>
          <string role="key" value="extensiontype_"></string>
          <none></none>
          <string role="key" value="string"></string>
          <list></list>
          <string role="key" value="uniqueElementName"></string>
          <string value="source"></string>
          <string role="key" value="valueOf_"></string>
          <string value="LOMv1.0"></string>
         </dictionary>
        </instance>
        <string role="key" value="uniqueElementName"></string>
        <string value="aggregationLevel"></string>
        <string role="key" value="value"></string>
        <instance class="exe.engine.lom.lomsubs.aggregationLevelValueSub">
         <dictionary>
          <string role="key" value="extensiontype_"></string>
          <none></none>
          <string role="key" value="source"></string>
          <none></none>
          <string role="key" value="uniqueElementName"></string>
          <string value="value"></string>
          <string role="key" value="value"></string>
          <none></none>
          <string role="key" value="valueOf_"></string>
          <string value="2"></string>
         </dictionary>
        </instance>
       </dictionary>
      </instance>
      <string role="key" value="coverage"></string>
      <list></list>
      <string role="key" value="description"></string>
      <list></list>
      <string role="key" value="identifier"></string>
      <list>
       <instance class="exe.engine.lom.lomsubs.identifierSub">
        <dictionary>
         <string role="key" value="catalog"></string>
         <instance class="exe.engine.lom.lomsubs.catalogSub">
          <dictionary>
           <string role="key" value="uniqueElementName"></string>
           <string value="catalog"></string>
           <string role="key" value="valueOf_"></string>
           <unicode value="Mi catálogo"></unicode>
          </dictionary>
         </instance>
         <string role="key" value="entry"></string>
         <instance class="exe.engine.lom.lomsubs.entrySub">
          <dictionary>
           <string role="key" value="uniqueElementName"></string>
           <string value="entry"></string>
           <string role="key" value="valueOf_"></string>
           <unicode value="48cb35ae-0813-4295-80bb-e1664b57b91a"></unicode>
          </dictionary>
         </instance>
        </dictionary>
       </instance>
      </list>
      <string role="key" value="keyword"></string>
      <list></list>
      <string role="key" value="language"></string>
      <list>
       <instance class="exe.engine.lom.lomsubs.LanguageIdSub">
        <dictionary>
         <string role="key" value="extensiontype_"></string>
         <none></none>
         <string role="key" value="valueOf_"></string>
         <string value="es"></string>
        </dictionary>
       </instance>
      </list>
      <string role="key" value="structure"></string>
      <none></none>
      <string role="key" value="title"></string>
      <none></none>
      <string role="key" value="uniqueElementName"></string>
      <string value="general"></string>
     </dictionary>
    </instance>
    <string role="key" value="lifeCycle"></string>
    <none></none>
    <string role="key" value="metaMetadata"></string>
    <instance class="exe.engine.lom.lomsubs.metaMetadataSub">
     <dictionary>
      <string role="key" value="contribute"></string>
      <list></list>
      <string role="key" value="identifier"></string>
      <list></list>
      <string role="key" value="language"></string>
      <instance class="exe.engine.lom.lomsubs.LanguageIdSub">
       <dictionary>
        <string role="key" value="extensiontype_"></string>
        <none></none>
        <string role="key" value="valueOf_"></string>
        <string value="es"></string>
       </dictionary>
      </instance>
      <string role="key" value="metadataSchema"></string>
      <list>
       <instance class="exe.engine.lom.lomsubs.metadataSchemaSub">
        <dictionary>
         <string role="key" value="valueOf_"></string>
         <string value="LOMv1.0"></string>
        </dictionary>
       </instance>
      </list>
      <string role="key" value="uniqueElementName"></string>
      <string value="metaMetadata"></string>
     </dictionary>
    </instance>
    <string role="key" value="relation"></string>
    <list></list>
    <string role="key" value="rights"></string>
    <none></none>
    <string role="key" value="technical"></string>
    <none></none>
   </dictionary>
  </instance>
  <string role="key" value="lomEs"></string>
  <instance class="exe.engine.lom.lomsubs.lomSub">
   <dictionary>
    <string role="key" value="__index__"></string>
    <dictionary></dictionary>
    <string role="key" value="__oldchild__"></string>
    <none></none>
    <string role="key" value="annotation"></string>
    <list></list>
    <string role="key" value="classification"></string>
    <list></list>
    <string role="key" value="educational"></string>
    <list>
     <instance class="exe.engine.lom.lomsubs.educationalSub">
      <dictionary>
       <string role="key" value="cognitiveProcess"></string>
       <list></list>
       <string role="key" value="context"></string>
       <list></list>
       <string role="key" value="description"></string>
       <list></list>
       <string role="key" value="difficulty"></string>
       <none></none>
       <string role="key" value="intendedEndUserRole"></string>
       <list></list>
       <string role="key" value="interactivityLevel"></string>
       <none></none>
       <string role="key" value="interactivityType"></string>
       <none></none>
       <string role="key" value="language"></string>
       <list>
        <instance class="exe.engine.lom.lomsubs.LanguageIdSub">
         <dictionary>
          <string role="key" value="extensiontype_"></string>
          <none></none>
          <string role="key" value="valueOf_"></string>
          <string value="es"></string>
         </dictionary>
        </instance>
       </list>
       <string role="key" value="learningResourceType"></string>
       <list></list>
       <string role="key" value="semanticDensity"></string>
       <none></none>
       <string role="key" value="typicalAgeRange"></string>
       <list></list>
       <string role="key" value="typicalLearningTime"></string>
       <none></none>
      </dictionary>
     </instance>
    </list>
    <string role="key" value="general"></string>
    <instance class="exe.engine.lom.lomsubs.generalSub">
     <dictionary>
      <string role="key" value="aggregationLevel"></string>
      <instance class="exe.engine.lom.lomsubs.aggregationLevelSub">
       <dictionary>
        <string role="key" value="extensiontype_"></string>
        <none></none>
        <string role="key" value="source"></string>
        <instance class="exe.engine.lom.lomsubs.sourceValueSub">
         <dictionary>
          <string role="key" value="extensiontype_"></string>
          <none></none>
          <string role="key" value="string"></string>
          <list></list>
          <string role="key" value="uniqueElementName"></string>
          <string value="source"></string>
          <string role="key" value="valueOf_"></string>
          <string value="LOM-ESv1.0"></string>
         </dictionary>
        </instance>
        <string role="key" value="uniqueElementName"></string>
        <string value="aggregationLevel"></string>
        <string role="key" value="value"></string>
        <instance class="exe.engine.lom.lomsubs.aggregationLevelValueSub">
         <dictionary>
          <string role="key" value="extensiontype_"></string>
          <none></none>
          <string role="key" value="source"></string>
          <none></none>
          <string role="key" value="uniqueElementName"></string>
          <string value="value"></string>
          <string role="key" value="value"></string>
          <none></none>
          <string role="key" value="valueOf_"></string>
          <string value="2"></string>
         </dictionary>
        </instance>
       </dictionary>
      </instance>
      <string role="key" value="coverage"></string>
      <list></list>
      <string role="key" value="description"></string>
      <list></list>
      <string role="key" value="identifier"></string>
      <list>
       <instance class="exe.engine.lom.lomsubs.identifierSub">
        <dictionary>
         <string role="key" value="catalog"></string>
         <instance class="exe.engine.lom.lomsubs.catalogSub">
          <dictionary>
           <string role="key" value="uniqueElementName"></string>
           <string value="catalog"></string>
           <string role="key" value="valueOf_"></string>
           <unicode value="Mi catálogo"></unicode>
          </dictionary>
         </instance>
         <string role="key" value="entry"></string>
         <instance class="exe.engine.lom.lomsubs.entrySub">
          <dictionary>
           <string role="key" value="uniqueElementName"></string>
           <string value="entry"></string>
           <string role="key" value="valueOf_"></string>
           <unicode value="48cb35ae-0813-4295-80bb-e1664b57b91a"></unicode>
          </dictionary>
         </instance>
        </dictionary>
       </instance>
      </list>
      <string role="key" value="keyword"></string>
      <list></list>
      <string role="key" value="language"></string>
      <list>
       <instance class="exe.engine.lom.lomsubs.LanguageIdSub">
        <dictionary>
         <string role="key" value="extensiontype_"></string>
         <none></none>
         <string role="key" value="valueOf_"></string>
         <string value="es"></string>
        </dictionary>
       </instance>
      </list>
      <string role="key" value="structure"></string>
      <none></none>
      <string role="key" value="title"></string>
      <none></none>
      <string role="key" value="uniqueElementName"></string>
      <string value="general"></string>
     </dictionary>
    </instance>
    <string role="key" value="lifeCycle"></string>
    <none></none>
    <string role="key" value="metaMetadata"></string>
    <instance class="exe.engine.lom.lomsubs.metaMetadataSub">
     <dictionary>
      <string role="key" value="contribute"></string>
      <list></list>
      <string role="key" value="identifier"></string>
      <list></list>
      <string role="key" value="language"></string>
      <instance class="exe.engine.lom.lomsubs.LanguageIdSub">
       <dictionary>
        <string role="key" value="extensiontype_"></string>
        <none></none>
        <string role="key" value="valueOf_"></string>
        <string value="es"></string>
       </dictionary>
      </instance>
      <string role="key" value="metadataSchema"></string>
      <list>
       <instance class="exe.engine.lom.lomsubs.metadataSchemaSub">
        <dictionary>
         <string role="key" value="valueOf_"></string>
         <string value="LOM-ESv1.0"></string>
        </dictionary>
       </instance>
      </list>
      <string role="key" value="uniqueElementName"></string>
      <string value="metaMetadata"></string>
     </dictionary>
    </instance>
    <string role="key" value="relation"></string>
    <list></list>
    <string role="key" value="rights"></string>
    <instance class="exe.engine.lom.lomsubs.rightsSub">
     <dictionary>
      <string role="key" value="access"></string>
      <instance class="exe.engine.lom.lomsubs.accessSub">
       <dictionary>
        <string role="key" value="accessType"></string>
        <instance class="exe.engine.lom.lomsubs.accessTypeSub">
         <dictionary>
          <string role="key" value="extensiontype_"></string>
          <none></none>
          <string role="key" value="source"></string>
          <instance class="exe.engine.lom.lomsubs.sourceValueSub">
           <dictionary>
            <string role="key" value="extensiontype_"></string>
            <none></none>
            <string role="key" value="string"></string>
            <list></list>
            <string role="key" value="uniqueElementName"></string>
            <string value="source"></string>
            <string role="key" value="valueOf_"></string>
            <string value="LOM-ESv1.0"></string>
           </dictionary>
          </instance>
          <string role="key" value="uniqueElementName"></string>
          <string value="accessType"></string>
          <string role="key" value="value"></string>
          <instance class="exe.engine.lom.lomsubs.accessTypeValueSub">
           <dictionary>
            <string role="key" value="extensiontype_"></string>
            <none></none>
            <string role="key" value="source"></string>
            <none></none>
            <string role="key" value="uniqueElementName"></string>
            <string value="value"></string>
            <string role="key" value="value"></string>
            <none></none>
            <string role="key" value="valueOf_"></string>
            <string value="universal"></string>
           </dictionary>
          </instance>
         </dictionary>
        </instance>
        <string role="key" value="description"></string>
        <instance class="exe.engine.lom.lomsubs.LanguageStringSub">
         <dictionary>
          <string role="key" value="extensiontype_"></string>
          <none></none>
          <string role="key" value="string"></string>
          <list>
           <instance class="exe.engine.lom.lomsubs.LangStringSub">
            <dictionary>
             <string role="key" value="language"></string>
             <string value="es"></string>
             <string role="key" value="valueOf_"></string>
             <unicode value="Preestablecido"></unicode>
            </dictionary>
           </instance>
          </list>
         </dictionary>
        </instance>
        <string role="key" value="uniqueElementName"></string>
        <string value="access"></string>
       </dictionary>
      </instance>
      <string role="key" value="copyrightAndOtherRestrictions"></string>
      <none></none>
      <string role="key" value="cost"></string>
      <none></none>
      <string role="key" value="description"></string>
      <none></none>
      <string role="key" value="uniqueElementName"></string>
      <string value="rights"></string>
     </dictionary>
    </instance>
    <string role="key" value="technical"></string>
    <none></none>
   </dictionary>
  </instance>
  <string role="key" value="mxmlforcemediaonly"></string>
  <bool value="0"></bool>
  <string role="key" value="mxmlheight"></string>
  <string value=""></string>
  <string role="key" value="mxmlprofilelist"></string>
  <string value=""></string>
  <string role="key" value="mxmlwidth"></string>
  <string value=""></string>
  <string role="key" value="resources"></string>
  <dictionary>
   <string role="key" value="00ef6f9a0ff3105079ffabb8276baade"></string>
   <list>
    <reference key="19"></reference>
   </list>
   <string role="key" value="36a49bd081764bb8ff6ca50e2df84490"></string>
   <list>
    <reference key="20"></reference>
   </list>
   <string role="key" value="445bd332eb48a63f6063ecbfee83a0c4"></string>
   <list>
    <reference key="21"></reference>
   </list>
   <string role="key" value="516caea6f725b917162ea45802550871"></string>
   <list>
    <reference key="22"></reference>
   </list>
   <string role="key" value="73c4231563d4518cd3f227b41d0b30b1"></string>
   <list>
    <reference key="23"></reference>
   </list>
   <string role="key" value="95e3cf5c871ee340e880bbe182245816"></string>
   <list>
    <reference key="24"></reference>
   </list>
   <string role="key" value="99efaf43df842658066a04a7fd8340a5"></string>
   <list>
    <reference key="25"></reference>
   </list>
   <string role="key" value="9dcfa5972e1d577436d84451e1acf8f3"></string>
   <list>
    <reference key="26"></reference>
   </list>
   <string role="key" value="dcefc3d7af5fd462dfa94a7f27001b94"></string>
   <list>
    <reference key="27"></reference>
   </list>
   <string role="key" value="eb5c793ef7784c087811d37522833d75"></string>
   <list>
    <reference key="28"></reference>
   </list>
   <string role="key" value="fcc4d8cbebc30d97f40b01c47b77ea88"></string>
   <list>
    <reference key="29"></reference>
   </list>
  </dictionary>
  <string role="key" value="root"></string>
  <reference key="3"></reference>
  <string role="key" value="scolinks"></string>
  <bool value="0"></bool>
  <string role="key" value="scowsinglepage"></string>
  <bool value="0"></bool>
  <string role="key" value="scowwebsite"></string>
  <bool value="0"></bool>
  <string role="key" value="style"></string>
  <unicode value="senacss"></unicode>
  <string role="key" value="sugaractivityname"></string>
  <string value=""></string>
  <string role="key" value="sugarservicename"></string>
  <string value=""></string>
  <string role="key" value="tempFile"></string>
  <bool value="0"></bool>
 </dictionary>
</instance>